{
  "Aranguez": ["Urban", "Cultural", "Historical Sites", "Rivers", "Parks", "Markets"],
  "Arima": ["Urban", "Cultural", "Historical Sites", "Rivers", "Parks", "Hot Springs", "Forests", "Santa Rosa Carib Centre", "Cleaver Museum"],
  "Arena": ["Urban", "Cultural", "Historical Sites", "Rivers", "Parks", "Swamps"],
  "Arnos Vale": ["Urban", "Cultural", "Historical Sites", "Beaches", "Parks", "Rainforest"],
  "Arouca": ["Urban", "Cultural", "Historical Sites", "Rivers", "Parks", "Forests"],
  "Arquart Village": ["Urban", "Cultural", "Historical Sites", "Rivers", "Parks", "Sugar Cane"],
  "Auchenskeoch": ["Urban", "Cultural", "Historical Sites", "Beaches", "Parks", "Rainforest"],
  "Auzonville": ["Urban", "Cultural", "Historical Sites", "Rivers", "Parks", "Markets"],
  "Avocat": ["Urban", "Cultural", "Historical Sites", "Rivers", "Parks", "Forests"],
  "Bacolet": ["Urban", "Cultural", "Historical Sites", "Beaches", "Parks", "Rainforest", "Bacolet Bay Beach"],
  "Balmain": ["Urban", "Cultural", "Historical Sites", "Rivers", "Parks", "Swamps"],
  "Bamboo": ["Urban", "Cultural", "Historical Sites", "Rivers", "Parks", "Bamboo Forests"],
  "Bamboo No. 2": ["Urban", "Cultural", "Historical Sites", "Rivers", "Parks", "Bamboo Forests"],
  "Bangladesh": ["Urban", "Cultural", "Historical Sites", "Rivers", "Parks", "Markets"],
  "Barataria": ["Urban", "Cultural", "Historical Sites", "Rivers", "Parks", "Markets"],
  "Barrackpore": ["Urban", "Cultural", "Historical Sites", "Rivers", "Parks", "Sugar Cane"],
  "Basta Hall": ["Urban", "Cultural", "Historical Sites", "Rivers", "Parks", "Swamps"],
  "Beetham Estate Gardens": ["Urban", "Cultural", "Historical Sites", "Rivers", "Parks", "Gardens"],
  "Belle Garden": ["Urban", "Cultural", "Historical Sites", "Beaches", "Parks", "Coral Reefs"],
  "Belmont": ["Urban", "Cultural", "Historical Sites", "Rivers", "Parks", "Markets"],
  "Ben Lomond": ["Urban", "Cultural", "Historical Sites", "Rivers", "Parks", "Hills"],
  "Biche": ["Urban", "Cultural", "Historical Sites", "Rivers", "Parks", "Forests"],
  "Black Rock": ["Urban", "Cultural", "Historical Sites", "Beaches", "Parks", "Rainforest"],
  "Blanchisseuse": ["Urban", "Cultural", "Historical Sites", "Beaches", "Waterfalls", "Rainforest"],
  "Boissiere Village": ["Urban", "Cultural", "Historical Sites", "Rivers", "Parks", "Markets"],
  "Bon Accord": ["Urban", "Cultural", "Historical Sites", "Beaches", "Parks", "Coral Reefs"],
  "Bon Air Development": ["Urban", "Cultural", "Historical Sites", "Rivers", "Parks", "Markets"],
  "Bonne Aventure": ["Urban", "Cultural", "Historical Sites", "Rivers", "Parks", "Sugar Cane"],
  "Bonasse": ["Urban", "Cultural", "Historical Sites", "Beaches", "Parks", "Fishing"],
  "Borde Narve Village": ["Urban", "Cultural", "Historical Sites", "Rivers", "Parks", "Mangroves"],
  "Bourg Mulatresse": ["Urban", "Cultural", "Historical Sites", "Rivers", "Parks", "Forests"],
  "Brasso": ["Urban", "Cultural", "Historical Sites", "Rivers", "Parks", "Forests"],
  "Brasso Seco": ["Urban", "Cultural", "Historical Sites", "Rivers", "Parks", "Waterfalls"],
  "Brazil": ["Urban", "Cultural", "Historical Sites", "Rivers", "Parks", "Markets"],
  "Brickfield": ["Urban", "Cultural", "Historical Sites", "Rivers", "Parks", "Swamps"],
  "Brighton": ["Urban", "Cultural", "Historical Sites", "Beaches", "Parks", "Fishing"],
  "Buccoo": ["Urban", "Cultural", "Historical Sites", "Beaches", "Coral Reefs", "Swimming with Rays", "Buccoo Reef"],
  "Buen Intento Village": ["Urban", "Cultural", "Historical Sites", "Rivers", "Parks", "Sugar Cane"],
  "Buenos Ayres": ["Urban", "Cultural", "Historical Sites", "Rivers", "Parks", "Markets"],
  "Caigual": ["Urban", "Cultural", "Historical Sites", "Rivers", "Parks", "Swamps"],
  "Calcutta Settlement": ["Urban", "Cultural", "Historical Sites", "Rivers", "Parks", "Sugar Cane"],
  "Calder Hall": ["Urban", "Cultural", "Historical Sites", "Beaches", "Parks", "Rainforest"],
  "California": ["Urban", "Cultural", "Historical Sites", "Rivers", "Parks", "Oil Fields"],
  "Canaan": ["Urban", "Cultural", "Historical Sites", "Rivers", "Parks", "Hills"],
  "Cantaro": ["Urban", "Cultural", "Historical Sites", "Rivers", "Parks", "Forests"],
  "Carapichaima": ["Urban", "Cultural", "Historical Sites", "Rivers", "Parks", "Sugar Cane", "Swamps", "Dattatreya Yoga Centre", "Hanuman Murti"],
  "Carenage": ["Urban", "Cultural", "Historical Sites", "Rivers", "Parks", "Beaches"],
  "Carli Bay": ["Urban", "Cultural", "Historical Sites", "Beaches", "Parks", "Fishing"],
  "Carlsen Field": ["Urban", "Cultural", "Historical Sites", "Rivers", "Parks", "Swamps"],
  "Carnbee": ["Urban", "Cultural", "Historical Sites", "Beaches", "Parks", "Rainforest"],
  "Cascade": ["Urban", "Cultural", "Historical Sites", "Rivers", "Parks", "Waterfalls"],
  "Castara": ["Urban", "Cultural", "Historical Sites", "Beaches", "Parks", "Rainforest", "Castara Bay"],
  "Caura": ["Urban", "Cultural", "Historical Sites", "Rivers", "Parks", "Forests"],
  "Cedar Hill Village": ["Urban", "Cultural", "Historical Sites", "Hills", "Parks", "Views"],
  "Cedros": ["Urban", "Cultural", "Historical Sites", "Beaches", "Parks", "Fishing"],
  "Centeno": ["Urban", "Cultural", "Historical Sites", "Rivers", "Parks", "Forests"],
  "Chaguanas": ["Urban", "Cultural", "Historical Sites", "Markets", "Parks", "Rivers", "Shopping Malls", "Lion House", "Divali Nagar", "Pottery"],
  "Chaguaramas": ["Urban", "Cultural", "Historical Sites", "Beaches", "Parks", "Yachting", "Golf"],
  "Champs Fleurs": ["Urban", "Cultural", "Historical Sites", "Rivers", "Parks", "Forests"],
  "Chandernagore Village": ["Urban", "Cultural", "Historical Sites", "Rivers", "Parks", "Sugar Cane"],
  "Charlotteville": ["Urban", "Cultural", "Historical Sites", "Beaches", "Parks", "Rainforest", "Pirate's Bay"],
  "Charuma": ["Urban", "Cultural", "Historical Sites", "Rivers", "Parks", "Sugar Cane"],
  "Chase Village": ["Urban", "Cultural", "Historical Sites", "Rivers", "Parks", "Sugar Cane"],
  "Chatham": ["Urban", "Cultural", "Historical Sites", "Rivers", "Parks", "Markets"],
  "Churkoo Village": ["Urban", "Cultural", "Historical Sites", "Rivers", "Parks", "Forests"],
  "Claxton Bay": ["Urban", "Cultural", "Historical Sites", "Rivers", "Parks", "Swamps", "Mangroves", "Caroni Swamp"],
  "Cocorite": ["Urban", "Cultural", "Historical Sites", "Beaches", "Parks", "Views"],
  "Cocoyea Village": ["Urban", "Cultural", "Historical Sites", "Rivers", "Parks", "Markets"],
  "Congo Village": ["Urban", "Cultural", "Historical Sites", "Beaches", "Parks", "Fishing"],
  "Coryal": ["Urban", "Cultural", "Historical Sites", "Rivers", "Parks", "Forests"],
  "Couva": ["Urban", "Cultural", "Historical Sites", "Harbors", "Rivers", "Beaches", "Swamps", "Birdwatching"],
  "Culloden": ["Urban", "Cultural", "Historical Sites", "Rivers", "Parks", "Hills"],
  "Cumaca": ["Urban", "Cultural", "Historical Sites", "Rivers", "Parks", "Forests"],
  "Cumuto": ["Urban", "Cultural", "Historical Sites", "Rivers", "Parks", "Forests"],
  "Cunupia": ["Urban", "Cultural", "Historical Sites", "Rivers", "Parks", "Markets"],
  "Curepe": ["Urban", "Cultural", "Historical Sites", "Rivers", "Parks", "Universities"],
  "Cushe": ["Urban", "Cultural", "Historical Sites", "Rivers", "Parks", "Sugar Cane"],
  "D'Abadie": ["Urban", "Cultural", "Historical Sites", "Rivers", "Parks", "Markets"],
  "Datsunville": ["Urban", "Cultural", "Historical Sites", "Rivers", "Parks", "Markets"],
  "Debe": ["Urban", "Cultural", "Historical Sites", "Rivers", "Parks", "Sugar Cane", "Markets"],
  "Delaford": ["Urban", "Cultural", "Historical Sites", "Beaches", "Parks", "Rainforest"],
  "Diamond Village": ["Urban", "Cultural", "Historical Sites", "Rivers", "Parks", "Markets"],
  "Dibe": ["Urban", "Cultural", "Historical Sites", "Rivers", "Parks", "Beaches"],
  "Diego Martin": ["Urban", "Cultural", "Historical Sites", "Rivers", "Parks", "Beaches", "Hiking Trails"],
  "Dinsley": ["Urban", "Cultural", "Historical Sites", "Rivers", "Parks", "Forests"],
  "Dow Village": ["Urban", "Cultural", "Historical Sites", "Rivers", "Parks", "Sugar Cane"],
  "Duncan Village": ["Urban", "Cultural", "Historical Sites", "Rivers", "Parks", "Markets"],
  "Ecclesville": ["Urban", "Cultural", "Historical Sites", "Rivers", "Parks", "Forests"],
  "Eckel Village": ["Urban", "Cultural", "Historical Sites", "Rivers", "Parks", "Swamps"],
  "Edinburgh": ["Urban", "Cultural", "Historical Sites", "Rivers", "Parks", "Sugar Cane"],
  "El Dorado": ["Urban", "Cultural", "Historical Sites", "Rivers", "Parks", "Markets"],
  "El Socorro": ["Urban", "Cultural", "Historical Sites", "Rivers", "Parks", "Markets"],
  "Enterprise": ["Urban", "Cultural", "Historical Sites", "Rivers", "Parks", "Sugar Cane"],
  "Endeavour": ["Urban", "Cultural", "Historical Sites", "Rivers", "Parks", "Sugar Cane"],
  "Erin": ["Urban", "Cultural", "Historical Sites", "Rivers", "Parks", "Beaches", "Forests"],
  "Exchange": ["Urban", "Cultural", "Historical Sites", "Rivers", "Parks", "Markets"],
  "Febeau Village": ["Urban", "Cultural", "Historical Sites", "Rivers", "Parks", "Sugar Cane"],
  "Felicity": ["Urban", "Cultural", "Historical Sites", "Rivers", "Parks", "Hindu Temples"],
  "Fifth Company": ["Urban", "Cultural", "Historical Sites", "Rivers", "Parks", "Sugar Cane"],
  "Fishing Pond": ["Urban", "Cultural", "Historical Sites", "Rivers", "Parks", "Fishing"],
  "Flanigin Town": ["Urban", "Cultural", "Historical Sites", "Rivers", "Parks", "Markets"],
  "Forres Park": ["Urban", "Cultural", "Historical Sites", "Rivers", "Parks", "Forests"],
  "Four Roads": ["Urban", "Cultural", "Historical Sites", "Rivers", "Parks", "Markets"],
  "Frederick Settlement": ["Urban", "Cultural", "Historical Sites", "Rivers", "Parks", "Markets"],
  "Friendship Village": ["Urban", "Cultural", "Historical Sites", "Rivers", "Parks", "Sugar Cane"],
  "Fullarton": ["Urban", "Cultural", "Historical Sites", "Rivers", "Parks", "Beaches"],
  "Fyzabad": ["Urban", "Cultural", "Historical Sites", "Rivers", "Parks", "Oil Fields", "Beaches"],
  "Gasparillo": ["Urban", "Cultural", "Historical Sites", "Rivers", "Parks", "Hindu Temples", "Markets"],
  "Glamorgan": ["Urban", "Cultural", "Historical Sites", "Beaches", "Parks", "Rainforest"],
  "Glencoe": ["Urban", "Cultural", "Historical Sites", "Rivers", "Parks", "Beaches"],
  "Golconda": ["Urban", "Cultural", "Historical Sites", "Rivers", "Parks", "Markets"],
  "Gonzales": ["Urban", "Cultural", "Historical Sites", "Rivers", "Parks", "Hills"],
  "Gopaul Lands": ["Urban", "Cultural", "Historical Sites", "Rivers", "Parks", "Markets"],
  "Goodwood": ["Urban", "Cultural", "Historical Sites", "Beaches", "Parks", "Rainforest"],
  "Goodwood Park": ["Urban", "Cultural", "Historical Sites", "Beaches", "Parks", "Views"],
  "Gran Couva": ["Urban", "Cultural", "Historical Sites", "Rivers", "Parks", "Forests"],
  "Grande Riviere": ["Urban", "Cultural", "Historical Sites", "Beaches", "Rivers", "Waterfalls"],
  "Guaico": ["Urban", "Cultural", "Historical Sites", "Rivers", "Parks", "Forests"],
  "Guanapo": ["Urban", "Cultural", "Historical Sites", "Rivers", "Parks", "Forests"],
  "Guapo": ["Urban", "Cultural", "Historical Sites", "Rivers", "Parks", "Oil Fields"],
  "Guayaguayare": ["Urban", "Cultural", "Historical Sites", "Beaches", "Parks", "Fishing"],
  "Gulf View": ["Urban", "Cultural", "Historical Sites", "Beaches", "Parks", "Views"],
  "Hardbargain": ["Urban", "Cultural", "Historical Sites", "Rivers", "Parks", "Sugar Cane"],
  "Hindustan": ["Urban", "Cultural", "Historical Sites", "Rivers", "Parks", "Sugar Cane"],
  "Hope": ["Urban", "Cultural", "Historical Sites", "Beaches", "Parks", "Rainforest"],
  "Icacos": ["Urban", "Cultural", "Historical Sites", "Beaches", "Parks", "Fishing"],
  "Iere Village": ["Urban", "Cultural", "Historical Sites", "Rivers", "Parks", "Sugar Cane"],
  "Indian Chain": ["Urban", "Cultural", "Historical Sites", "Rivers", "Parks", "Sugar Cane"],
  "Indian Walk": ["Urban", "Cultural", "Historical Sites", "Rivers", "Parks", "Sugar Cane"],
  "Jerningham Junction": ["Urban", "Cultural", "Historical Sites", "Rivers", "Parks", "Markets"],
  "John Dial": ["Urban", "Cultural", "Historical Sites", "Beaches", "Parks", "Rainforest"],
  "John John": ["Urban", "Cultural", "Historical Sites", "Rivers", "Parks", "Markets"],
  "Jordan Hill": ["Urban", "Cultural", "Historical Sites", "Rivers", "Parks", "Hills"],
  "Kelly Village": ["Urban", "Cultural", "Historical Sites", "Rivers", "Parks", "Markets"],
  "Kernaham": ["Urban", "Cultural", "Historical Sites", "Rivers", "Parks", "Sugar Cane"],
  "Kumar Village": ["Urban", "Cultural", "Historical Sites", "Rivers", "Parks", "Sugar Cane"],
  "L'Anse Fourmi": ["Urban", "Cultural", "Historical Sites", "Beaches", "Parks", "Rainforest"],
  "L'Anse Mitan": ["Urban", "Cultural", "Historical Sites", "Beaches", "Parks", "Yachting"],
  "La Brea": ["Urban", "Cultural", "Historical Sites", "Rivers", "Parks", "Pitch Lake"],
  "La Canoa": ["Urban", "Cultural", "Historical Sites", "Rivers", "Parks", "Forests"],
  "La Horquetta": ["Urban", "Cultural", "Historical Sites", "Rivers", "Parks", "Markets"],
  "La Paille": ["Urban", "Cultural", "Historical Sites", "Rivers", "Parks", "Sugar Cane"],
  "La Romaine": ["Urban", "Cultural", "Historical Sites", "Rivers", "Parks", "Beaches"],
  "Lambeau": ["Urban", "Cultural", "Historical Sites", "Beaches", "Parks", "Rainforest"],
  "Las Cuevas": ["Urban", "Cultural", "Historical Sites", "Beaches", "Parks", "Caves"],
  "Las Lomas": ["Urban", "Cultural", "Historical Sites", "Rivers", "Parks", "Forests"],
  "Laventille": ["Urban", "Cultural", "Historical Sites", "Rivers", "Parks", "Hills"],
  "Lengua": ["Urban", "Cultural", "Historical Sites", "Rivers", "Parks", "Sugar Cane"],
  "Les Coteaux": ["Urban", "Cultural", "Historical Sites", "Beaches", "Parks", "Rainforest"],
  "Longdenville": ["Urban", "Cultural", "Historical Sites", "Rivers", "Parks", "Sugar Cane"],
  "Lopinot": ["Urban", "Cultural", "Historical Sites", "Rivers", "Parks", "Forests", "Lopinot Historical Site"],
  "Los Bajos": ["Urban", "Cultural", "Historical Sites", "Rivers", "Parks", "Oil Fields"],
  "Louis D'Or": ["Urban", "Cultural", "Historical Sites", "Beaches", "Parks", "Rainforest"],
  "Lowlands": ["Urban", "Cultural", "Historical Sites", "Beaches", "Parks", "Rainforest"],
  "Macoya": ["Urban", "Cultural", "Historical Sites", "Rivers", "Parks", "Markets"],
  "Madras Settlement": ["Urban", "Cultural", "Historical Sites", "Rivers", "Parks", "Sugar Cane"],
  "Mairao Village": ["Urban", "Cultural", "Historical Sites", "Rivers", "Parks", "Sugar Cane"],
  "Malabar": ["Urban", "Cultural", "Historical Sites", "Rivers", "Parks", "Markets"],
  "Malick": ["Urban", "Cultural", "Historical Sites", "Rivers", "Parks", "Markets"],
  "Manzanilla": ["Urban", "Cultural", "Historical Sites", "Beaches", "Parks", "Coconut Plantations"],
  "Marabella": ["Urban", "Cultural", "Historical Sites", "Rivers", "Parks", "Markets"],
  "Maracas": ["Urban", "Cultural", "Historical Sites", "Beaches", "Parks", "Waterfalls", "Maracas Beach"],
  "Maraval": ["Urban", "Cultural", "Historical Sites", "Rivers", "Parks", "Hills"],
  "Mason Hall": ["Urban", "Cultural", "Historical Sites", "Beaches", "Parks", "Rainforest"],
  "Matelot": ["Urban", "Cultural", "Historical Sites", "Beaches", "Parks", "Forests"],
  "Matura": ["Urban", "Cultural", "Historical Sites", "Beaches", "Parks", "Turtle Nesting"],
  "Mausica": ["Urban", "Cultural", "Historical Sites", "Rivers", "Parks", "Markets"],
  "Mayaro": ["Urban", "Cultural", "Historical Sites", "Beaches", "Parks", "Fishing"],
  "Mayo": ["Urban", "Cultural", "Historical Sites", "Rivers", "Parks", "Forests"],
  "Mc Bean": ["Urban", "Cultural", "Historical Sites", "Rivers", "Parks", "Swamps"],
  "Mohammedville": ["Urban", "Cultural", "Historical Sites", "Rivers", "Parks", "Markets"],
  "Monkey Town": ["Urban", "Cultural", "Historical Sites", "Rivers", "Parks", "Sugar Cane"],
  "Mon Repos": ["Urban", "Cultural", "Historical Sites", "Rivers", "Parks", "Markets"],
  "Montrose": ["Urban", "Cultural", "Historical Sites", "Rivers", "Parks", "Markets"],
  "Montserrat": ["Urban", "Cultural", "Historical Sites", "Rivers", "Parks", "Hills"],
  "Morang": ["Urban", "Cultural", "Historical Sites", "Rivers", "Parks", "Forests"],
  "Moriah": ["Urban", "Cultural", "Historical Sites", "Beaches", "Parks", "Rainforest"],
  "Morne Diablo": ["Urban", "Cultural", "Historical Sites", "Rivers", "Parks", "Forests"],
  "Morne Quinton": ["Urban", "Cultural", "Historical Sites", "Rivers", "Parks", "Hills"],
  "Moruga": ["Urban", "Cultural", "Historical Sites", "Beaches", "Parks", "Fishing"],
  "Morvant": ["Urban", "Cultural", "Historical Sites", "Rivers", "Parks", "Hills"],
  "Mount D'Or": ["Urban", "Cultural", "Historical Sites", "Rivers", "Parks", "Mountains"],
  "Mount Lambert": ["Urban", "Cultural", "Historical Sites", "Rivers", "Parks", "Hills"],
  "Mount Saint George": ["Urban", "Cultural", "Historical Sites", "Beaches", "Parks", "Rainforest"],
  "Mount Stewart": ["Urban", "Cultural", "Historical Sites", "Rivers", "Parks", "Hills"],
  "Mucurapo": ["Urban", "Cultural", "Historical Sites", "Rivers", "Parks", "Markets"],
  "Navet": ["Urban", "Cultural", "Historical Sites", "Rivers", "Parks", "Sugar Cane"],
  "New Grant": ["Urban", "Cultural", "Historical Sites", "Rivers", "Parks", "Markets"],
  "O'Meara": ["Urban", "Cultural", "Historical Sites", "Rivers", "Parks", "Markets"],
  "Orange Hill": ["Urban", "Cultural", "Historical Sites", "Beaches", "Parks", "Rainforest"],
  "Orange Valley": ["Urban", "Cultural", "Historical Sites", "Rivers", "Parks", "Sugar Cane"],
  "Oropune Village": ["Urban", "Cultural", "Historical Sites", "Rivers", "Parks", "Markets"],
  "Oropouche": ["Urban", "Cultural", "Historical Sites", "Rivers", "Parks", "Swamps"],
  "Ortoire": ["Urban", "Cultural", "Historical Sites", "Rivers", "Parks", "Fishing"],
  "Otaheite": ["Urban", "Cultural", "Historical Sites", "Rivers", "Parks", "Sugar Cane"],
  "Palmyra": ["Urban", "Cultural", "Historical Sites", "Rivers", "Parks", "Sugar Cane"],
  "Palo Seco": ["Urban", "Cultural", "Historical Sites", "Rivers", "Parks", "Oil Fields"],
  "Patna Village": ["Urban", "Cultural", "Historical Sites", "Rivers", "Parks", "Sugar Cane"],
  "Pembroke": ["Urban", "Cultural", "Historical Sites", "Beaches", "Parks", "Rainforest"],
  "Penal": ["Urban", "Cultural", "Historical Sites", "Rivers", "Parks", "Sugar Cane Fields", "Markets"],
  "Penal Rock": ["Urban", "Cultural", "Historical Sites", "Rivers", "Parks", "Sugar Cane"],
  "Petit Trou": ["Urban", "Cultural", "Historical Sites", "Beaches", "Parks", "Fishing"],
  "Petit Valley": ["Urban", "Cultural", "Historical Sites", "Rivers", "Parks", "Valleys"],
  "Phoenix Park": ["Urban", "Cultural", "Historical Sites", "Rivers", "Parks", "Markets"],
  "Piarco": ["Urban", "Cultural", "Historical Sites", "Rivers", "Parks", "Airports"],
  "Pierreville": ["Urban", "Cultural", "Historical Sites", "Rivers", "Parks", "Sugar Cane"],
  "Piparo": ["Urban", "Cultural", "Historical Sites", "Rivers", "Parks", "Mud Volcanoes"],
  "Plaisance": ["Urban", "Cultural", "Historical Sites", "Rivers", "Parks", "Markets"],
  "Plaisance Park": ["Urban", "Cultural", "Historical Sites", "Rivers", "Parks", "Markets"],
  "Plymouth": ["Urban", "Cultural", "Historical Sites", "Beaches", "Parks", "Rainforest"],
  "Point Fortin": ["Urban", "Industrial", "Cultural", "Beaches", "Parks", "Oil Fields", "Rivers"],
  "Point Lisas": ["Urban", "Industrial", "Cultural", "Harbors", "Parks", "Rivers"],
  "Pointe-à-Pierre": ["Urban", "Cultural", "Historical Sites", "Beaches", "Parks", "Oil Refineries"],
  "Poole": ["Urban", "Cultural", "Historical Sites", "Rivers", "Parks", "Sugar Cane"],
  "Port of Spain": ["Urban", "Cultural", "Historical Sites", "Harbors", "Parks", "Carnival", "Skyscrapers", "Museums", "Botanical Gardens", "Zoo", "Queen's Park Savanna", "Magnificent Seven"],
  "Preysal": ["Urban", "Cultural", "Historical Sites", "Rivers", "Parks", "Sugar Cane"],
  "Princes Town": ["Urban", "Cultural", "Historical Sites", "Rivers", "Parks", "Hindu Temples", "Forests"],
  "Quarry Village": ["Urban", "Cultural", "Historical Sites", "Rivers", "Parks", "Quarries"],
  "Quinam": ["Urban", "Cultural", "Historical Sites", "Beaches", "Parks", "Fishing"],
  "Rampanalgas": ["Urban", "Cultural", "Historical Sites", "Rivers", "Parks", "Forests"],
  "Rancho Quemado": ["Urban", "Cultural", "Historical Sites", "Rivers", "Parks", "Forests"],
  "Ravin Anglais": ["Urban", "Cultural", "Historical Sites", "Rivers", "Parks", "Forests"],
  "Redhead": ["Urban", "Cultural", "Historical Sites", "Beaches", "Parks", "Rainforest"],
  "Rio Claro": ["Urban", "Cultural", "Historical Sites", "Rivers", "Parks", "Forests"],
  "Rockly Vale": ["Urban", "Cultural", "Historical Sites", "Beaches", "Parks", "Rainforest"],
  "Roussillac": ["Urban", "Cultural", "Historical Sites", "Rivers", "Parks", "Oil Fields"],
  "Roxborough": ["Urban", "Cultural", "Historical Sites", "Beaches", "Parks", "Rainforest", "Argyle Falls"],
  "St. Ann's": ["Urban", "Cultural", "Historical Sites", "Rivers", "Parks", "Hills"],
  "St. Augustine": ["Urban", "Cultural", "Historical Sites", "Rivers", "Parks", "Universities"],
  "St. Barb's": ["Urban", "Cultural", "Historical Sites", "Rivers", "Parks", "Markets"],
  "St. Clair": ["Urban", "Cultural", "Historical Sites", "Rivers", "Parks", "Markets"],
  "St. Helena": ["Urban", "Cultural", "Historical Sites", "Rivers", "Parks", "Markets"],
  "St. James": ["Urban", "Cultural", "Historical Sites", "Rivers", "Parks", "Nightlife"],
  "St. Joseph": ["Urban", "Cultural", "Historical Sites", "Rivers", "Parks", "Historical Sites"],
  "St. Mary's": ["Urban", "Cultural", "Historical Sites", "Rivers", "Parks", "Markets"],
  "Saint Madeleine": ["Urban", "Cultural", "Historical Sites", "Rivers", "Parks", "Sugar Cane"],
  "San Fernando": ["Urban", "Cultural", "Historical Sites", "Harbors", "Markets", "Parks", "Beaches", "Hills", "Waterfront"],
  "San Francique": ["Urban", "Cultural", "Historical Sites", "Rivers", "Parks", "Sugar Cane"],
  "San Juan": ["Urban", "Cultural", "Historical Sites", "Rivers", "Parks", "Markets", "Nightlife"],
  "San Raphael": ["Urban", "Cultural", "Historical Sites", "Rivers", "Parks", "Forests"],
  "Sans Souci": ["Urban", "Cultural", "Historical Sites", "Beaches", "Parks", "Fishing"],
  "Sangre Chiquito": ["Urban", "Cultural", "Historical Sites", "Rivers", "Parks", "Forests"],
  "Sangre Grande": ["Urban", "Cultural", "Historical Sites", "Rivers", "Parks", "Forests", "Markets"],
  "Santa Cruz": ["Urban", "Cultural", "Historical Sites", "Rivers", "Parks", "Valleys"],
  "Santa Flora": ["Urban", "Cultural", "Historical Sites", "Rivers", "Parks", "Oil Fields"],
  "Santa Margarita": ["Urban", "Cultural", "Historical Sites", "Rivers", "Parks", "Markets"],
  "Santa Rosa": ["Urban", "Cultural", "Historical Sites", "Rivers", "Parks", "Markets"],
  "Savonetta": ["Urban", "Cultural", "Historical Sites", "Rivers", "Parks", "Swamps"],
  "Scarborough": ["Urban", "Cultural", "Historical Sites", "Beaches", "Harbors", "Parks", "Rainforest", "Fort King George", "Botanical Gardens"],
  "Signal Hill": ["Urban", "Cultural", "Historical Sites", "Beaches", "Parks", "Rainforest"],
  "Siparia": ["Urban", "Cultural", "Historical Sites", "Rivers", "Parks", "La Divina Pastora", "Markets"],
  "South Oropouche": ["Urban", "Cultural", "Historical Sites", "Rivers", "Parks", "Swamps"],
  "Speyside": ["Urban", "Cultural", "Historical Sites", "Beaches", "Parks", "Rainforest", "Diving", "Little Tobago"],
  "Spring Village": ["Urban", "Cultural", "Historical Sites", "Rivers", "Parks", "Markets"],
  "Studley Park": ["Urban", "Cultural", "Historical Sites", "Rivers", "Parks", "Markets"],
  "Syne Village": ["Urban", "Cultural", "Historical Sites", "Rivers", "Parks", "Markets"],
  "Tabaquite": ["Urban", "Cultural", "Historical Sites", "Rivers", "Parks", "Forests"],
  "Tacarigua": ["Urban", "Cultural", "Historical Sites", "Rivers", "Parks", "Markets"],
  "Talparo": ["Urban", "Cultural", "Historical Sites", "Rivers", "Parks", "Sugar Cane"],
  "Techier Village": ["Urban", "Cultural", "Historical Sites", "Rivers", "Parks", "Oil Fields"],
  "Thick Village": ["Urban", "Cultural", "Historical Sites", "Rivers", "Parks", "Sugar Cane"],
  "Third Company": ["Urban", "Cultural", "Historical Sites", "Rivers", "Parks", "Sugar Cane"],
  "Toco": ["Urban", "Cultural", "Historical Sites", "Beaches", "Parks", "Fishing"],
  "Tortuga": ["Urban", "Cultural", "Historical Sites", "Rivers", "Parks", "Caves"],
  "Trincity": ["Urban", "Cultural", "Historical Sites", "Rivers", "Parks", "Shopping Malls"],
  "Trou Macaque": ["Urban", "Cultural", "Historical Sites", "Rivers", "Parks", "Forests"],
  "Tunapuna": ["Urban", "Cultural", "Historical Sites", "Rivers", "Parks", "Universities", "Markets"],
  "Tableland": ["Urban", "Cultural", "Historical Sites", "Rivers", "Parks", "Sugar Cane"],
  "Union Village": ["Urban", "Cultural", "Historical Sites", "Rivers", "Parks", "Sugar Cane"],
  "Valencia": ["Urban", "Cultural", "Historical Sites", "Rivers", "Parks", "Forests", "Hiking"],
  "Valsayn": ["Urban", "Cultural", "Historical Sites", "Rivers", "Parks", "Markets"],
  "Vega de Oropouche": ["Urban", "Cultural", "Historical Sites", "Rivers", "Parks", "Sugar Cane"],
  "Vessigny": ["Urban", "Cultural", "Historical Sites", "Beaches", "Parks", "Fishing"],
  "Vistabella": ["Urban", "Cultural", "Historical Sites", "Rivers", "Parks", "Markets"],
  "Waterloo": ["Urban", "Cultural", "Historical Sites", "Rivers", "Parks", "Temple in the Sea"],
  "Westmoorings": ["Urban", "Cultural", "Historical Sites", "Beaches", "Parks", "Yachting"],
  "Whiteland": ["Urban", "Cultural", "Historical Sites", "Rivers", "Parks", "Sugar Cane"],
  "Williamsville": ["Urban", "Cultural", "Historical Sites", "Rivers", "Parks", "Sugar Cane"],
  "Woodbrook": ["Urban", "Cultural", "Historical Sites", "Rivers", "Parks", "Nightlife"]
}